,alpha_annual,beta,correlation,portfolio_volatility,benchmark_volatility,tracking_error
Equal_Weight,-0.3771441535222478,0.6921944134436199,0.6240426243371732,20.99124065281645,18.924493828125545,17.40599114853934
Volatility_Parity,0.48774612737526657,0.44603669304025273,0.6241419956471815,13.52419594167057,18.924493828125545,14.884768457567885
Mean_Variance,2.3995529080656546,-0.11355292264483362,-0.3117079258874348,6.894054996002248,18.924493828125545,22.068061671257887
Macro_Adaptive,-0.42433749485010636,0.7057324161481232,0.624780582144066,21.3765106269318,18.924493828125545,17.595301798880936
