,Equal Weight,Volatility Parity,Mean-Variance,Macro-Adaptive
Total Return (%),49.68847281703943,51.84979795722351,54.38767060786815,49.77661941450175
Annual Return (%),3.783873171582952,3.920947889277193,4.07966059904199,3.7894986147748666
Annual Volatility (%),20.67274972874042,12.988535938331516,7.811144580388066,20.77321253687118
Sharpe Ratio,0.2151170814832031,0.2608842706433807,0.39738881276038235,0.2153335418291607
Sortino Ratio,0.10766913252371912,0.18291351133268477,0.3378789896199083,0.1073573695694438
Max Drawdown (%),-52.519962091563045,-33.027667786422995,-15.666328010399594,-52.823251552827365
Calmar Ratio,0.072046380478839,0.11871706820573674,0.260409497128736,0.07173921527691404
